[
  {
    "turn": 1,
    "user": "Hi! My preferred language is Kannada. Please schedule calls after 11 AM. Also, never call on Sundays."
  },
  {
    "turn": 2,
    "user": "[coding] Can you help me draft?"
  },
  {
    "turn": 3,
    "user": "[project update] Explain this."
  },
  {
    "turn": 4,
    "user": "[invoice] What do you think?"
  },
  {
    "turn": 5,
    "user": "[invoice] Can you help me draft?"
  },
  {
    "turn": 6,
    "user": "[coding] Help me decide."
  },
  {
    "turn": 7,
    "user": "[project update] Help me decide."
  },
  {
    "turn": 8,
    "user": "[health] Can you help me draft?"
  },
  {
    "turn": 9,
    "user": "[project update] Can you help me draft?"
  },
  {
    "turn": 10,
    "user": "[invoice] What do you think?"
  },
  {
    "turn": 11,
    "user": "[shopping] Help me decide."
  },
  {
    "turn": 12,
    "user": "[project update] Help me decide."
  },
  {
    "turn": 13,
    "user": "[invoice] Help me decide."
  },
  {
    "turn": 14,
    "user": "[health] What do you think?"
  },
  {
    "turn": 15,
    "user": "[health] Help me decide."
  },
  {
    "turn": 16,
    "user": "[travel] Can you help me draft?"
  },
  {
    "turn": 17,
    "user": "[meeting] What do you think?"
  },
  {
    "turn": 18,
    "user": "[coding] Summarize."
  },
  {
    "turn": 19,
    "user": "[travel] Explain this."
  },
  {
    "turn": 20,
    "user": "[invoice] What do you think?"
  },
  {
    "turn": 21,
    "user": "[meeting] Explain this."
  },
  {
    "turn": 22,
    "user": "[project update] Can you help me draft?"
  },
  {
    "turn": 23,
    "user": "[health] Can you help me draft?"
  },
  {
    "turn": 24,
    "user": "[travel] Explain this."
  },
  {
    "turn": 25,
    "user": "[shopping] Explain this."
  },
  {
    "turn": 26,
    "user": "[meeting] Can you help me draft?"
  },
  {
    "turn": 27,
    "user": "[coding] Summarize."
  },
  {
    "turn": 28,
    "user": "[shopping] Can you help me draft?"
  },
  {
    "turn": 29,
    "user": "[health] Can you help me draft?"
  },
  {
    "turn": 30,
    "user": "[shopping] Explain this."
  },
  {
    "turn": 31,
    "user": "[meeting] Help me decide."
  },
  {
    "turn": 32,
    "user": "[meeting] Explain this."
  },
  {
    "turn": 33,
    "user": "[shopping] What do you think?"
  },
  {
    "turn": 34,
    "user": "[coding] Can you help me draft?"
  },
  {
    "turn": 35,
    "user": "[project update] What do you think?"
  },
  {
    "turn": 36,
    "user": "[meeting] Explain this."
  },
  {
    "turn": 37,
    "user": "[project update] What do you think?"
  },
  {
    "turn": 38,
    "user": "[meeting] Can you help me draft?"
  },
  {
    "turn": 39,
    "user": "[health] Explain this."
  },
  {
    "turn": 40,
    "user": "[health] Explain this."
  },
  {
    "turn": 41,
    "user": "[invoice] Explain this."
  },
  {
    "turn": 42,
    "user": "[travel] What do you think?"
  },
  {
    "turn": 43,
    "user": "[coding] Explain this."
  },
  {
    "turn": 44,
    "user": "[coding] Can you help me draft?"
  },
  {
    "turn": 45,
    "user": "[shopping] What do you think?"
  },
  {
    "turn": 46,
    "user": "[shopping] What do you think?"
  },
  {
    "turn": 47,
    "user": "[invoice] Summarize."
  },
  {
    "turn": 48,
    "user": "[health] Explain this."
  },
  {
    "turn": 49,
    "user": "[coding] Help me decide."
  },
  {
    "turn": 50,
    "user": "[invoice] Explain this."
  },
  {
    "turn": 51,
    "user": "[meeting] Can you help me draft?"
  },
  {
    "turn": 52,
    "user": "[invoice] Can you help me draft?"
  },
  {
    "turn": 53,
    "user": "[meeting] Explain this."
  },
  {
    "turn": 54,
    "user": "[health] Explain this."
  },
  {
    "turn": 55,
    "user": "[project update] What do you think?"
  },
  {
    "turn": 56,
    "user": "[shopping] Explain this."
  },
  {
    "turn": 57,
    "user": "[invoice] Summarize."
  },
  {
    "turn": 58,
    "user": "[health] Summarize."
  },
  {
    "turn": 59,
    "user": "[invoice] Explain this."
  },
  {
    "turn": 60,
    "user": "[invoice] What do you think?"
  },
  {
    "turn": 61,
    "user": "[coding] Help me decide."
  },
  {
    "turn": 62,
    "user": "[shopping] Explain this."
  },
  {
    "turn": 63,
    "user": "[coding] Help me decide."
  },
  {
    "turn": 64,
    "user": "[health] Help me decide."
  },
  {
    "turn": 65,
    "user": "[health] Explain this."
  },
  {
    "turn": 66,
    "user": "[invoice] What do you think?"
  },
  {
    "turn": 67,
    "user": "[shopping] Summarize."
  },
  {
    "turn": 68,
    "user": "[project update] Can you help me draft?"
  },
  {
    "turn": 69,
    "user": "[meeting] Can you help me draft?"
  },
  {
    "turn": 70,
    "user": "[invoice] What do you think?"
  },
  {
    "turn": 71,
    "user": "[meeting] Summarize."
  },
  {
    "turn": 72,
    "user": "[shopping] Can you help me draft?"
  },
  {
    "turn": 73,
    "user": "[health] Summarize."
  },
  {
    "turn": 74,
    "user": "[shopping] Summarize."
  },
  {
    "turn": 75,
    "user": "[shopping] Explain this."
  },
  {
    "turn": 76,
    "user": "[shopping] Can you help me draft?"
  },
  {
    "turn": 77,
    "user": "[coding] Can you help me draft?"
  },
  {
    "turn": 78,
    "user": "[coding] Help me decide."
  },
  {
    "turn": 79,
    "user": "[meeting] Explain this."
  },
  {
    "turn": 80,
    "user": "[meeting] Explain this."
  },
  {
    "turn": 81,
    "user": "[project update] Explain this."
  },
  {
    "turn": 82,
    "user": "[health] What do you think?"
  },
  {
    "turn": 83,
    "user": "[health] Can you help me draft?"
  },
  {
    "turn": 84,
    "user": "[coding] Explain this."
  },
  {
    "turn": 85,
    "user": "[shopping] What do you think?"
  },
  {
    "turn": 86,
    "user": "[shopping] Can you help me draft?"
  },
  {
    "turn": 87,
    "user": "[meeting] Explain this."
  },
  {
    "turn": 88,
    "user": "[meeting] Help me decide."
  },
  {
    "turn": 89,
    "user": "[shopping] What do you think?"
  },
  {
    "turn": 90,
    "user": "[invoice] Explain this."
  },
  {
    "turn": 91,
    "user": "[meeting] What do you think?"
  },
  {
    "turn": 92,
    "user": "[shopping] Help me decide."
  },
  {
    "turn": 93,
    "user": "[project update] Help me decide."
  },
  {
    "turn": 94,
    "user": "[travel] Summarize."
  },
  {
    "turn": 95,
    "user": "[project update] Can you help me draft?"
  },
  {
    "turn": 96,
    "user": "[travel] Explain this."
  },
  {
    "turn": 97,
    "user": "[invoice] Can you help me draft?"
  },
  {
    "turn": 98,
    "user": "[invoice] Help me decide."
  },
  {
    "turn": 99,
    "user": "[project update] Can you help me draft?"
  },
  {
    "turn": 100,
    "user": "Remind me of my preferences again please."
  },
  {
    "turn": 101,
    "user": "[coding] Summarize."
  },
  {
    "turn": 102,
    "user": "[meeting] Can you help me draft?"
  },
  {
    "turn": 103,
    "user": "[meeting] Help me decide."
  },
  {
    "turn": 104,
    "user": "[meeting] What do you think?"
  },
  {
    "turn": 105,
    "user": "[invoice] Summarize."
  },
  {
    "turn": 106,
    "user": "[shopping] What do you think?"
  },
  {
    "turn": 107,
    "user": "[travel] Help me decide."
  },
  {
    "turn": 108,
    "user": "[meeting] Help me decide."
  },
  {
    "turn": 109,
    "user": "[health] What do you think?"
  },
  {
    "turn": 110,
    "user": "[shopping] What do you think?"
  },
  {
    "turn": 111,
    "user": "[coding] Explain this."
  },
  {
    "turn": 112,
    "user": "[health] Explain this."
  },
  {
    "turn": 113,
    "user": "[health] Help me decide."
  },
  {
    "turn": 114,
    "user": "[health] Can you help me draft?"
  },
  {
    "turn": 115,
    "user": "[invoice] What do you think?"
  },
  {
    "turn": 116,
    "user": "[project update] Explain this."
  },
  {
    "turn": 117,
    "user": "[project update] Help me decide."
  },
  {
    "turn": 118,
    "user": "[shopping] What do you think?"
  },
  {
    "turn": 119,
    "user": "[shopping] What do you think?"
  },
  {
    "turn": 120,
    "user": "[project update] Can you help me draft?"
  },
  {
    "turn": 121,
    "user": "[coding] Can you help me draft?"
  },
  {
    "turn": 122,
    "user": "[invoice] Can you help me draft?"
  },
  {
    "turn": 123,
    "user": "[project update] Explain this."
  },
  {
    "turn": 124,
    "user": "[project update] Help me decide."
  },
  {
    "turn": 125,
    "user": "[invoice] Explain this."
  },
  {
    "turn": 126,
    "user": "[coding] Summarize."
  },
  {
    "turn": 127,
    "user": "[invoice] Help me decide."
  },
  {
    "turn": 128,
    "user": "[invoice] Help me decide."
  },
  {
    "turn": 129,
    "user": "[shopping] Summarize."
  },
  {
    "turn": 130,
    "user": "[invoice] Summarize."
  },
  {
    "turn": 131,
    "user": "[meeting] Summarize."
  },
  {
    "turn": 132,
    "user": "[invoice] Can you help me draft?"
  },
  {
    "turn": 133,
    "user": "[project update] Summarize."
  },
  {
    "turn": 134,
    "user": "[travel] Summarize."
  },
  {
    "turn": 135,
    "user": "[health] Summarize."
  },
  {
    "turn": 136,
    "user": "[meeting] Can you help me draft?"
  },
  {
    "turn": 137,
    "user": "[coding] Can you help me draft?"
  },
  {
    "turn": 138,
    "user": "[project update] Summarize."
  },
  {
    "turn": 139,
    "user": "[coding] Explain this."
  },
  {
    "turn": 140,
    "user": "[meeting] Can you help me draft?"
  },
  {
    "turn": 141,
    "user": "[invoice] What do you think?"
  },
  {
    "turn": 142,
    "user": "[invoice] Help me decide."
  },
  {
    "turn": 143,
    "user": "[health] What do you think?"
  },
  {
    "turn": 144,
    "user": "[health] What do you think?"
  },
  {
    "turn": 145,
    "user": "[travel] Summarize."
  },
  {
    "turn": 146,
    "user": "[invoice] Can you help me draft?"
  },
  {
    "turn": 147,
    "user": "[health] Help me decide."
  },
  {
    "turn": 148,
    "user": "[project update] Can you help me draft?"
  },
  {
    "turn": 149,
    "user": "[coding] Help me decide."
  },
  {
    "turn": 150,
    "user": "[meeting] Can you help me draft?"
  },
  {
    "turn": 151,
    "user": "[project update] What do you think?"
  },
  {
    "turn": 152,
    "user": "[invoice] Summarize."
  },
  {
    "turn": 153,
    "user": "[health] Summarize."
  },
  {
    "turn": 154,
    "user": "[invoice] Summarize."
  },
  {
    "turn": 155,
    "user": "[project update] What do you think?"
  },
  {
    "turn": 156,
    "user": "[health] Can you help me draft?"
  },
  {
    "turn": 157,
    "user": "[health] Explain this."
  },
  {
    "turn": 158,
    "user": "[meeting] Summarize."
  },
  {
    "turn": 159,
    "user": "[travel] Summarize."
  },
  {
    "turn": 160,
    "user": "[coding] Help me decide."
  },
  {
    "turn": 161,
    "user": "[coding] Summarize."
  },
  {
    "turn": 162,
    "user": "[invoice] What do you think?"
  },
  {
    "turn": 163,
    "user": "[travel] What do you think?"
  },
  {
    "turn": 164,
    "user": "[project update] Help me decide."
  },
  {
    "turn": 165,
    "user": "[coding] Help me decide."
  },
  {
    "turn": 166,
    "user": "[project update] Explain this."
  },
  {
    "turn": 167,
    "user": "[project update] Can you help me draft?"
  },
  {
    "turn": 168,
    "user": "[shopping] Summarize."
  },
  {
    "turn": 169,
    "user": "[shopping] Help me decide."
  },
  {
    "turn": 170,
    "user": "[invoice] Can you help me draft?"
  },
  {
    "turn": 171,
    "user": "[shopping] Can you help me draft?"
  },
  {
    "turn": 172,
    "user": "[meeting] What do you think?"
  },
  {
    "turn": 173,
    "user": "[project update] Help me decide."
  },
  {
    "turn": 174,
    "user": "[project update] What do you think?"
  },
  {
    "turn": 175,
    "user": "[health] Can you help me draft?"
  },
  {
    "turn": 176,
    "user": "[shopping] What do you think?"
  },
  {
    "turn": 177,
    "user": "[shopping] Help me decide."
  },
  {
    "turn": 178,
    "user": "[project update] Help me decide."
  },
  {
    "turn": 179,
    "user": "[project update] Summarize."
  },
  {
    "turn": 180,
    "user": "[coding] Help me decide."
  },
  {
    "turn": 181,
    "user": "[shopping] Help me decide."
  },
  {
    "turn": 182,
    "user": "[travel] Explain this."
  },
  {
    "turn": 183,
    "user": "[invoice] Explain this."
  },
  {
    "turn": 184,
    "user": "[invoice] Explain this."
  },
  {
    "turn": 185,
    "user": "[health] What do you think?"
  },
  {
    "turn": 186,
    "user": "[coding] Explain this."
  },
  {
    "turn": 187,
    "user": "[health] Explain this."
  },
  {
    "turn": 188,
    "user": "[meeting] Can you help me draft?"
  },
  {
    "turn": 189,
    "user": "[project update] Summarize."
  },
  {
    "turn": 190,
    "user": "[shopping] Help me decide."
  },
  {
    "turn": 191,
    "user": "[project update] Can you help me draft?"
  },
  {
    "turn": 192,
    "user": "[shopping] What do you think?"
  },
  {
    "turn": 193,
    "user": "[shopping] Explain this."
  },
  {
    "turn": 194,
    "user": "[invoice] Explain this."
  },
  {
    "turn": 195,
    "user": "[project update] What do you think?"
  },
  {
    "turn": 196,
    "user": "[travel] Explain this."
  },
  {
    "turn": 197,
    "user": "[invoice] Summarize."
  },
  {
    "turn": 198,
    "user": "[meeting] Help me decide."
  },
  {
    "turn": 199,
    "user": "[coding] Explain this."
  },
  {
    "turn": 200,
    "user": "[shopping] Help me decide."
  },
  {
    "turn": 201,
    "user": "[project update] Help me decide."
  },
  {
    "turn": 202,
    "user": "[travel] Can you help me draft?"
  },
  {
    "turn": 203,
    "user": "[invoice] Explain this."
  },
  {
    "turn": 204,
    "user": "[project update] Can you help me draft?"
  },
  {
    "turn": 205,
    "user": "[coding] Help me decide."
  },
  {
    "turn": 206,
    "user": "[invoice] Explain this."
  },
  {
    "turn": 207,
    "user": "[travel] Help me decide."
  },
  {
    "turn": 208,
    "user": "[invoice] Explain this."
  },
  {
    "turn": 209,
    "user": "[invoice] Explain this."
  },
  {
    "turn": 210,
    "user": "[shopping] Summarize."
  },
  {
    "turn": 211,
    "user": "[travel] Can you help me draft?"
  },
  {
    "turn": 212,
    "user": "[project update] Summarize."
  },
  {
    "turn": 213,
    "user": "[meeting] Explain this."
  },
  {
    "turn": 214,
    "user": "[project update] Can you help me draft?"
  },
  {
    "turn": 215,
    "user": "[travel] What do you think?"
  },
  {
    "turn": 216,
    "user": "[coding] Explain this."
  },
  {
    "turn": 217,
    "user": "[invoice] Summarize."
  },
  {
    "turn": 218,
    "user": "[shopping] Summarize."
  },
  {
    "turn": 219,
    "user": "[shopping] Can you help me draft?"
  },
  {
    "turn": 220,
    "user": "[project update] Can you help me draft?"
  },
  {
    "turn": 221,
    "user": "[coding] What do you think?"
  },
  {
    "turn": 222,
    "user": "[shopping] Can you help me draft?"
  },
  {
    "turn": 223,
    "user": "[meeting] Explain this."
  },
  {
    "turn": 224,
    "user": "[shopping] Help me decide."
  },
  {
    "turn": 225,
    "user": "[invoice] Summarize."
  },
  {
    "turn": 226,
    "user": "[invoice] Can you help me draft?"
  },
  {
    "turn": 227,
    "user": "[travel] Explain this."
  },
  {
    "turn": 228,
    "user": "[meeting] Can you help me draft?"
  },
  {
    "turn": 229,
    "user": "[travel] What do you think?"
  },
  {
    "turn": 230,
    "user": "[coding] What do you think?"
  },
  {
    "turn": 231,
    "user": "[coding] Can you help me draft?"
  },
  {
    "turn": 232,
    "user": "[travel] Help me decide."
  },
  {
    "turn": 233,
    "user": "[meeting] Summarize."
  },
  {
    "turn": 234,
    "user": "[shopping] What do you think?"
  },
  {
    "turn": 235,
    "user": "[invoice] What do you think?"
  },
  {
    "turn": 236,
    "user": "[meeting] What do you think?"
  },
  {
    "turn": 237,
    "user": "[health] Can you help me draft?"
  },
  {
    "turn": 238,
    "user": "[invoice] Explain this."
  },
  {
    "turn": 239,
    "user": "[meeting] Summarize."
  },
  {
    "turn": 240,
    "user": "[meeting] What do you think?"
  },
  {
    "turn": 241,
    "user": "[travel] What do you think?"
  },
  {
    "turn": 242,
    "user": "[meeting] Can you help me draft?"
  },
  {
    "turn": 243,
    "user": "[health] Can you help me draft?"
  },
  {
    "turn": 244,
    "user": "[meeting] Summarize."
  },
  {
    "turn": 245,
    "user": "[invoice] What do you think?"
  },
  {
    "turn": 246,
    "user": "[meeting] Summarize."
  },
  {
    "turn": 247,
    "user": "[travel] Explain this."
  },
  {
    "turn": 248,
    "user": "[meeting] What do you think?"
  },
  {
    "turn": 249,
    "user": "[invoice] Can you help me draft?"
  },
  {
    "turn": 250,
    "user": "[coding] What do you think?"
  },
  {
    "turn": 251,
    "user": "[health] Explain this."
  },
  {
    "turn": 252,
    "user": "[travel] Can you help me draft?"
  },
  {
    "turn": 253,
    "user": "[meeting] Explain this."
  },
  {
    "turn": 254,
    "user": "[travel] Help me decide."
  },
  {
    "turn": 255,
    "user": "[health] Help me decide."
  },
  {
    "turn": 256,
    "user": "[travel] Can you help me draft?"
  },
  {
    "turn": 257,
    "user": "[project update] Explain this."
  },
  {
    "turn": 258,
    "user": "[invoice] Help me decide."
  },
  {
    "turn": 259,
    "user": "[travel] Can you help me draft?"
  },
  {
    "turn": 260,
    "user": "[project update] Help me decide."
  },
  {
    "turn": 261,
    "user": "[health] Explain this."
  },
  {
    "turn": 262,
    "user": "[coding] Explain this."
  },
  {
    "turn": 263,
    "user": "[health] Help me decide."
  },
  {
    "turn": 264,
    "user": "[shopping] Can you help me draft?"
  },
  {
    "turn": 265,
    "user": "[health] Help me decide."
  },
  {
    "turn": 266,
    "user": "[invoice] Explain this."
  },
  {
    "turn": 267,
    "user": "[project update] Summarize."
  },
  {
    "turn": 268,
    "user": "[project update] Help me decide."
  },
  {
    "turn": 269,
    "user": "[meeting] Help me decide."
  },
  {
    "turn": 270,
    "user": "[coding] What do you think?"
  },
  {
    "turn": 271,
    "user": "[travel] Summarize."
  },
  {
    "turn": 272,
    "user": "[project update] Explain this."
  },
  {
    "turn": 273,
    "user": "[shopping] Explain this."
  },
  {
    "turn": 274,
    "user": "[coding] Can you help me draft?"
  },
  {
    "turn": 275,
    "user": "[coding] Explain this."
  },
  {
    "turn": 276,
    "user": "[shopping] Explain this."
  },
  {
    "turn": 277,
    "user": "[coding] Summarize."
  },
  {
    "turn": 278,
    "user": "[travel] Summarize."
  },
  {
    "turn": 279,
    "user": "[coding] Explain this."
  },
  {
    "turn": 280,
    "user": "[shopping] What do you think?"
  },
  {
    "turn": 281,
    "user": "[invoice] Summarize."
  },
  {
    "turn": 282,
    "user": "[coding] Summarize."
  },
  {
    "turn": 283,
    "user": "[coding] What do you think?"
  },
  {
    "turn": 284,
    "user": "[shopping] Help me decide."
  },
  {
    "turn": 285,
    "user": "[travel] Summarize."
  },
  {
    "turn": 286,
    "user": "[shopping] Can you help me draft?"
  },
  {
    "turn": 287,
    "user": "[travel] Explain this."
  },
  {
    "turn": 288,
    "user": "[invoice] Summarize."
  },
  {
    "turn": 289,
    "user": "[meeting] Help me decide."
  },
  {
    "turn": 290,
    "user": "[shopping] Explain this."
  },
  {
    "turn": 291,
    "user": "[health] Summarize."
  },
  {
    "turn": 292,
    "user": "[health] What do you think?"
  },
  {
    "turn": 293,
    "user": "[shopping] Summarize."
  },
  {
    "turn": 294,
    "user": "[meeting] What do you think?"
  },
  {
    "turn": 295,
    "user": "[coding] Can you help me draft?"
  },
  {
    "turn": 296,
    "user": "[travel] Help me decide."
  },
  {
    "turn": 297,
    "user": "[coding] Help me decide."
  },
  {
    "turn": 298,
    "user": "[travel] Can you help me draft?"
  },
  {
    "turn": 299,
    "user": "[meeting] What do you think?"
  },
  {
    "turn": 300,
    "user": "[coding] Explain this."
  },
  {
    "turn": 301,
    "user": "[invoice] What do you think?"
  },
  {
    "turn": 302,
    "user": "[invoice] Can you help me draft?"
  },
  {
    "turn": 303,
    "user": "[project update] What do you think?"
  },
  {
    "turn": 304,
    "user": "[health] Help me decide."
  },
  {
    "turn": 305,
    "user": "[meeting] Can you help me draft?"
  },
  {
    "turn": 306,
    "user": "[health] Summarize."
  },
  {
    "turn": 307,
    "user": "[coding] Help me decide."
  },
  {
    "turn": 308,
    "user": "[invoice] Summarize."
  },
  {
    "turn": 309,
    "user": "[health] Summarize."
  },
  {
    "turn": 310,
    "user": "[invoice] What do you think?"
  },
  {
    "turn": 311,
    "user": "[coding] Can you help me draft?"
  },
  {
    "turn": 312,
    "user": "[meeting] Can you help me draft?"
  },
  {
    "turn": 313,
    "user": "[meeting] Summarize."
  },
  {
    "turn": 314,
    "user": "[invoice] What do you think?"
  },
  {
    "turn": 315,
    "user": "[meeting] Help me decide."
  },
  {
    "turn": 316,
    "user": "[health] Can you help me draft?"
  },
  {
    "turn": 317,
    "user": "[shopping] What do you think?"
  },
  {
    "turn": 318,
    "user": "[meeting] Can you help me draft?"
  },
  {
    "turn": 319,
    "user": "[health] What do you think?"
  },
  {
    "turn": 320,
    "user": "[meeting] Summarize."
  },
  {
    "turn": 321,
    "user": "[coding] Help me decide."
  },
  {
    "turn": 322,
    "user": "[shopping] Help me decide."
  },
  {
    "turn": 323,
    "user": "[travel] Summarize."
  },
  {
    "turn": 324,
    "user": "[shopping] Help me decide."
  },
  {
    "turn": 325,
    "user": "[health] Help me decide."
  },
  {
    "turn": 326,
    "user": "[health] What do you think?"
  },
  {
    "turn": 327,
    "user": "[coding] Summarize."
  },
  {
    "turn": 328,
    "user": "[health] Explain this."
  },
  {
    "turn": 329,
    "user": "[meeting] What do you think?"
  },
  {
    "turn": 330,
    "user": "[meeting] Explain this."
  },
  {
    "turn": 331,
    "user": "[meeting] Help me decide."
  },
  {
    "turn": 332,
    "user": "[health] What do you think?"
  },
  {
    "turn": 333,
    "user": "[travel] Summarize."
  },
  {
    "turn": 334,
    "user": "[project update] Explain this."
  },
  {
    "turn": 335,
    "user": "[invoice] Explain this."
  },
  {
    "turn": 336,
    "user": "[travel] Explain this."
  },
  {
    "turn": 337,
    "user": "[shopping] Can you help me draft?"
  },
  {
    "turn": 338,
    "user": "[invoice] What do you think?"
  },
  {
    "turn": 339,
    "user": "[invoice] Summarize."
  },
  {
    "turn": 340,
    "user": "[coding] What do you think?"
  },
  {
    "turn": 341,
    "user": "[coding] What do you think?"
  },
  {
    "turn": 342,
    "user": "[project update] Summarize."
  },
  {
    "turn": 343,
    "user": "[health] Explain this."
  },
  {
    "turn": 344,
    "user": "[shopping] Summarize."
  },
  {
    "turn": 345,
    "user": "[health] Can you help me draft?"
  },
  {
    "turn": 346,
    "user": "[invoice] Summarize."
  },
  {
    "turn": 347,
    "user": "[health] Help me decide."
  },
  {
    "turn": 348,
    "user": "[coding] Can you help me draft?"
  },
  {
    "turn": 349,
    "user": "[meeting] Help me decide."
  },
  {
    "turn": 350,
    "user": "[health] Summarize."
  },
  {
    "turn": 351,
    "user": "[project update] Explain this."
  },
  {
    "turn": 352,
    "user": "[travel] Summarize."
  },
  {
    "turn": 353,
    "user": "[meeting] Summarize."
  },
  {
    "turn": 354,
    "user": "[shopping] Help me decide."
  },
  {
    "turn": 355,
    "user": "[meeting] Help me decide."
  },
  {
    "turn": 356,
    "user": "[invoice] Summarize."
  },
  {
    "turn": 357,
    "user": "[invoice] Explain this."
  },
  {
    "turn": 358,
    "user": "[health] Summarize."
  },
  {
    "turn": 359,
    "user": "[project update] Summarize."
  },
  {
    "turn": 360,
    "user": "[travel] Summarize."
  },
  {
    "turn": 361,
    "user": "[coding] What do you think?"
  },
  {
    "turn": 362,
    "user": "[meeting] Summarize."
  },
  {
    "turn": 363,
    "user": "[invoice] Help me decide."
  },
  {
    "turn": 364,
    "user": "[shopping] Can you help me draft?"
  },
  {
    "turn": 365,
    "user": "[health] Help me decide."
  },
  {
    "turn": 366,
    "user": "[shopping] Can you help me draft?"
  },
  {
    "turn": 367,
    "user": "[project update] Summarize."
  },
  {
    "turn": 368,
    "user": "[invoice] Summarize."
  },
  {
    "turn": 369,
    "user": "[invoice] Can you help me draft?"
  },
  {
    "turn": 370,
    "user": "[travel] Summarize."
  },
  {
    "turn": 371,
    "user": "[travel] What do you think?"
  },
  {
    "turn": 372,
    "user": "[health] Explain this."
  },
  {
    "turn": 373,
    "user": "[travel] Summarize."
  },
  {
    "turn": 374,
    "user": "[travel] Summarize."
  },
  {
    "turn": 375,
    "user": "[travel] Can you help me draft?"
  },
  {
    "turn": 376,
    "user": "[health] Can you help me draft?"
  },
  {
    "turn": 377,
    "user": "[coding] Help me decide."
  },
  {
    "turn": 378,
    "user": "[project update] Explain this."
  },
  {
    "turn": 379,
    "user": "[invoice] Can you help me draft?"
  },
  {
    "turn": 380,
    "user": "[meeting] Can you help me draft?"
  },
  {
    "turn": 381,
    "user": "[meeting] Can you help me draft?"
  },
  {
    "turn": 382,
    "user": "[invoice] What do you think?"
  },
  {
    "turn": 383,
    "user": "[meeting] Can you help me draft?"
  },
  {
    "turn": 384,
    "user": "[shopping] What do you think?"
  },
  {
    "turn": 385,
    "user": "[invoice] What do you think?"
  },
  {
    "turn": 386,
    "user": "[health] Can you help me draft?"
  },
  {
    "turn": 387,
    "user": "[shopping] What do you think?"
  },
  {
    "turn": 388,
    "user": "[health] Explain this."
  },
  {
    "turn": 389,
    "user": "[meeting] Explain this."
  },
  {
    "turn": 390,
    "user": "[invoice] Help me decide."
  },
  {
    "turn": 391,
    "user": "[shopping] Can you help me draft?"
  },
  {
    "turn": 392,
    "user": "[meeting] What do you think?"
  },
  {
    "turn": 393,
    "user": "[travel] Can you help me draft?"
  },
  {
    "turn": 394,
    "user": "[shopping] Can you help me draft?"
  },
  {
    "turn": 395,
    "user": "[travel] Help me decide."
  },
  {
    "turn": 396,
    "user": "[coding] Summarize."
  },
  {
    "turn": 397,
    "user": "[health] What do you think?"
  },
  {
    "turn": 398,
    "user": "[project update] Help me decide."
  },
  {
    "turn": 399,
    "user": "[coding] What do you think?"
  },
  {
    "turn": 400,
    "user": "[project update] Explain this."
  },
  {
    "turn": 401,
    "user": "[meeting] Help me decide."
  },
  {
    "turn": 402,
    "user": "[meeting] Can you help me draft?"
  },
  {
    "turn": 403,
    "user": "[meeting] Help me decide."
  },
  {
    "turn": 404,
    "user": "[meeting] Can you help me draft?"
  },
  {
    "turn": 405,
    "user": "[travel] Help me decide."
  },
  {
    "turn": 406,
    "user": "[health] Explain this."
  },
  {
    "turn": 407,
    "user": "[project update] Help me decide."
  },
  {
    "turn": 408,
    "user": "[coding] Explain this."
  },
  {
    "turn": 409,
    "user": "[project update] Summarize."
  },
  {
    "turn": 410,
    "user": "[meeting] Summarize."
  },
  {
    "turn": 411,
    "user": "[project update] Summarize."
  },
  {
    "turn": 412,
    "user": "[travel] Summarize."
  },
  {
    "turn": 413,
    "user": "[coding] What do you think?"
  },
  {
    "turn": 414,
    "user": "[health] What do you think?"
  },
  {
    "turn": 415,
    "user": "[coding] Help me decide."
  },
  {
    "turn": 416,
    "user": "[coding] Explain this."
  },
  {
    "turn": 417,
    "user": "[shopping] Help me decide."
  },
  {
    "turn": 418,
    "user": "[meeting] Summarize."
  },
  {
    "turn": 419,
    "user": "[health] Summarize."
  },
  {
    "turn": 420,
    "user": "[meeting] Help me decide."
  },
  {
    "turn": 421,
    "user": "[travel] Explain this."
  },
  {
    "turn": 422,
    "user": "[meeting] What do you think?"
  },
  {
    "turn": 423,
    "user": "[meeting] Can you help me draft?"
  },
  {
    "turn": 424,
    "user": "[travel] Summarize."
  },
  {
    "turn": 425,
    "user": "[invoice] Summarize."
  },
  {
    "turn": 426,
    "user": "[shopping] Help me decide."
  },
  {
    "turn": 427,
    "user": "[coding] Summarize."
  },
  {
    "turn": 428,
    "user": "[travel] Can you help me draft?"
  },
  {
    "turn": 429,
    "user": "[health] Explain this."
  },
  {
    "turn": 430,
    "user": "[invoice] Summarize."
  },
  {
    "turn": 431,
    "user": "[invoice] Explain this."
  },
  {
    "turn": 432,
    "user": "[meeting] Explain this."
  },
  {
    "turn": 433,
    "user": "[travel] Explain this."
  },
  {
    "turn": 434,
    "user": "[shopping] Explain this."
  },
  {
    "turn": 435,
    "user": "[shopping] Can you help me draft?"
  },
  {
    "turn": 436,
    "user": "[shopping] What do you think?"
  },
  {
    "turn": 437,
    "user": "[project update] What do you think?"
  },
  {
    "turn": 438,
    "user": "[coding] Summarize."
  },
  {
    "turn": 439,
    "user": "[health] Help me decide."
  },
  {
    "turn": 440,
    "user": "[meeting] What do you think?"
  },
  {
    "turn": 441,
    "user": "[coding] Summarize."
  },
  {
    "turn": 442,
    "user": "[coding] Summarize."
  },
  {
    "turn": 443,
    "user": "[health] Can you help me draft?"
  },
  {
    "turn": 444,
    "user": "[project update] Explain this."
  },
  {
    "turn": 445,
    "user": "[invoice] Summarize."
  },
  {
    "turn": 446,
    "user": "[coding] What do you think?"
  },
  {
    "turn": 447,
    "user": "[travel] Help me decide."
  },
  {
    "turn": 448,
    "user": "[travel] Summarize."
  },
  {
    "turn": 449,
    "user": "[shopping] Help me decide."
  },
  {
    "turn": 450,
    "user": "[travel] Summarize."
  },
  {
    "turn": 451,
    "user": "[coding] Help me decide."
  },
  {
    "turn": 452,
    "user": "[travel] Explain this."
  },
  {
    "turn": 453,
    "user": "[coding] Summarize."
  },
  {
    "turn": 454,
    "user": "[travel] Explain this."
  },
  {
    "turn": 455,
    "user": "[travel] What do you think?"
  },
  {
    "turn": 456,
    "user": "[project update] What do you think?"
  },
  {
    "turn": 457,
    "user": "[travel] Can you help me draft?"
  },
  {
    "turn": 458,
    "user": "[coding] Help me decide."
  },
  {
    "turn": 459,
    "user": "[meeting] What do you think?"
  },
  {
    "turn": 460,
    "user": "[invoice] What do you think?"
  },
  {
    "turn": 461,
    "user": "[coding] Summarize."
  },
  {
    "turn": 462,
    "user": "[travel] Help me decide."
  },
  {
    "turn": 463,
    "user": "[meeting] Help me decide."
  },
  {
    "turn": 464,
    "user": "[shopping] Explain this."
  },
  {
    "turn": 465,
    "user": "[project update] What do you think?"
  },
  {
    "turn": 466,
    "user": "[travel] What do you think?"
  },
  {
    "turn": 467,
    "user": "[travel] What do you think?"
  },
  {
    "turn": 468,
    "user": "[travel] Can you help me draft?"
  },
  {
    "turn": 469,
    "user": "[coding] Help me decide."
  },
  {
    "turn": 470,
    "user": "[invoice] Explain this."
  },
  {
    "turn": 471,
    "user": "[project update] Can you help me draft?"
  },
  {
    "turn": 472,
    "user": "[shopping] Explain this."
  },
  {
    "turn": 473,
    "user": "[coding] What do you think?"
  },
  {
    "turn": 474,
    "user": "[coding] Summarize."
  },
  {
    "turn": 475,
    "user": "[project update] Can you help me draft?"
  },
  {
    "turn": 476,
    "user": "[shopping] Explain this."
  },
  {
    "turn": 477,
    "user": "[health] Summarize."
  },
  {
    "turn": 478,
    "user": "[health] Explain this."
  },
  {
    "turn": 479,
    "user": "[invoice] Can you help me draft?"
  },
  {
    "turn": 480,
    "user": "[travel] Summarize."
  },
  {
    "turn": 481,
    "user": "[project update] Can you help me draft?"
  },
  {
    "turn": 482,
    "user": "[health] Summarize."
  },
  {
    "turn": 483,
    "user": "[project update] Help me decide."
  },
  {
    "turn": 484,
    "user": "[coding] Can you help me draft?"
  },
  {
    "turn": 485,
    "user": "[invoice] What do you think?"
  },
  {
    "turn": 486,
    "user": "[meeting] Help me decide."
  },
  {
    "turn": 487,
    "user": "[travel] Can you help me draft?"
  },
  {
    "turn": 488,
    "user": "[invoice] Can you help me draft?"
  },
  {
    "turn": 489,
    "user": "[shopping] Summarize."
  },
  {
    "turn": 490,
    "user": "[shopping] Help me decide."
  },
  {
    "turn": 491,
    "user": "[meeting] Help me decide."
  },
  {
    "turn": 492,
    "user": "[invoice] Help me decide."
  },
  {
    "turn": 493,
    "user": "[health] Summarize."
  },
  {
    "turn": 494,
    "user": "[health] Explain this."
  },
  {
    "turn": 495,
    "user": "[meeting] Help me decide."
  },
  {
    "turn": 496,
    "user": "[health] Explain this."
  },
  {
    "turn": 497,
    "user": "[shopping] Help me decide."
  },
  {
    "turn": 498,
    "user": "[project update] Help me decide."
  },
  {
    "turn": 499,
    "user": "[coding] Can you help me draft?"
  },
  {
    "turn": 500,
    "user": "What were my language and call time preferences?"
  },
  {
    "turn": 501,
    "user": "[meeting] What do you think?"
  },
  {
    "turn": 502,
    "user": "[coding] What do you think?"
  },
  {
    "turn": 503,
    "user": "[travel] Can you help me draft?"
  },
  {
    "turn": 504,
    "user": "[invoice] What do you think?"
  },
  {
    "turn": 505,
    "user": "[invoice] Help me decide."
  },
  {
    "turn": 506,
    "user": "[project update] What do you think?"
  },
  {
    "turn": 507,
    "user": "[project update] Summarize."
  },
  {
    "turn": 508,
    "user": "[health] Help me decide."
  },
  {
    "turn": 509,
    "user": "[health] Explain this."
  },
  {
    "turn": 510,
    "user": "[project update] What do you think?"
  },
  {
    "turn": 511,
    "user": "[travel] Explain this."
  },
  {
    "turn": 512,
    "user": "[coding] Summarize."
  },
  {
    "turn": 513,
    "user": "[project update] What do you think?"
  },
  {
    "turn": 514,
    "user": "[travel] Help me decide."
  },
  {
    "turn": 515,
    "user": "[coding] What do you think?"
  },
  {
    "turn": 516,
    "user": "[health] Can you help me draft?"
  },
  {
    "turn": 517,
    "user": "[shopping] What do you think?"
  },
  {
    "turn": 518,
    "user": "[coding] What do you think?"
  },
  {
    "turn": 519,
    "user": "[travel] What do you think?"
  },
  {
    "turn": 520,
    "user": "[project update] Can you help me draft?"
  },
  {
    "turn": 521,
    "user": "[invoice] Explain this."
  },
  {
    "turn": 522,
    "user": "[shopping] Help me decide."
  },
  {
    "turn": 523,
    "user": "[travel] Summarize."
  },
  {
    "turn": 524,
    "user": "[project update] Summarize."
  },
  {
    "turn": 525,
    "user": "[coding] Explain this."
  },
  {
    "turn": 526,
    "user": "[coding] Summarize."
  },
  {
    "turn": 527,
    "user": "[travel] Help me decide."
  },
  {
    "turn": 528,
    "user": "[shopping] Summarize."
  },
  {
    "turn": 529,
    "user": "[health] Can you help me draft?"
  },
  {
    "turn": 530,
    "user": "[shopping] Can you help me draft?"
  },
  {
    "turn": 531,
    "user": "[health] Explain this."
  },
  {
    "turn": 532,
    "user": "[shopping] Explain this."
  },
  {
    "turn": 533,
    "user": "[project update] Can you help me draft?"
  },
  {
    "turn": 534,
    "user": "[invoice] Help me decide."
  },
  {
    "turn": 535,
    "user": "[shopping] Can you help me draft?"
  },
  {
    "turn": 536,
    "user": "[meeting] Explain this."
  },
  {
    "turn": 537,
    "user": "[shopping] Can you help me draft?"
  },
  {
    "turn": 538,
    "user": "[meeting] What do you think?"
  },
  {
    "turn": 539,
    "user": "[health] Help me decide."
  },
  {
    "turn": 540,
    "user": "[coding] Summarize."
  },
  {
    "turn": 541,
    "user": "[travel] What do you think?"
  },
  {
    "turn": 542,
    "user": "[shopping] Summarize."
  },
  {
    "turn": 543,
    "user": "[coding] Summarize."
  },
  {
    "turn": 544,
    "user": "[project update] Summarize."
  },
  {
    "turn": 545,
    "user": "[travel] Summarize."
  },
  {
    "turn": 546,
    "user": "[travel] Explain this."
  },
  {
    "turn": 547,
    "user": "[coding] Can you help me draft?"
  },
  {
    "turn": 548,
    "user": "[meeting] What do you think?"
  },
  {
    "turn": 549,
    "user": "[travel] Summarize."
  },
  {
    "turn": 550,
    "user": "[coding] Summarize."
  },
  {
    "turn": 551,
    "user": "[travel] Summarize."
  },
  {
    "turn": 552,
    "user": "[meeting] Help me decide."
  },
  {
    "turn": 553,
    "user": "[project update] Summarize."
  },
  {
    "turn": 554,
    "user": "[project update] Explain this."
  },
  {
    "turn": 555,
    "user": "[travel] Explain this."
  },
  {
    "turn": 556,
    "user": "[project update] Summarize."
  },
  {
    "turn": 557,
    "user": "[meeting] Help me decide."
  },
  {
    "turn": 558,
    "user": "[meeting] Can you help me draft?"
  },
  {
    "turn": 559,
    "user": "[coding] Help me decide."
  },
  {
    "turn": 560,
    "user": "[health] Summarize."
  },
  {
    "turn": 561,
    "user": "[project update] What do you think?"
  },
  {
    "turn": 562,
    "user": "[shopping] Explain this."
  },
  {
    "turn": 563,
    "user": "[shopping] Summarize."
  },
  {
    "turn": 564,
    "user": "[coding] Summarize."
  },
  {
    "turn": 565,
    "user": "[meeting] Can you help me draft?"
  },
  {
    "turn": 566,
    "user": "[invoice] Explain this."
  },
  {
    "turn": 567,
    "user": "[shopping] What do you think?"
  },
  {
    "turn": 568,
    "user": "[travel] Summarize."
  },
  {
    "turn": 569,
    "user": "[coding] Summarize."
  },
  {
    "turn": 570,
    "user": "[project update] Can you help me draft?"
  },
  {
    "turn": 571,
    "user": "[coding] Help me decide."
  },
  {
    "turn": 572,
    "user": "[meeting] What do you think?"
  },
  {
    "turn": 573,
    "user": "[coding] What do you think?"
  },
  {
    "turn": 574,
    "user": "[travel] Help me decide."
  },
  {
    "turn": 575,
    "user": "[project update] Help me decide."
  },
  {
    "turn": 576,
    "user": "[health] Can you help me draft?"
  },
  {
    "turn": 577,
    "user": "[invoice] Can you help me draft?"
  },
  {
    "turn": 578,
    "user": "[health] Can you help me draft?"
  },
  {
    "turn": 579,
    "user": "[coding] What do you think?"
  },
  {
    "turn": 580,
    "user": "[health] Explain this."
  },
  {
    "turn": 581,
    "user": "[shopping] Explain this."
  },
  {
    "turn": 582,
    "user": "[health] Summarize."
  },
  {
    "turn": 583,
    "user": "[health] What do you think?"
  },
  {
    "turn": 584,
    "user": "[health] Help me decide."
  },
  {
    "turn": 585,
    "user": "[invoice] Summarize."
  },
  {
    "turn": 586,
    "user": "[invoice] Help me decide."
  },
  {
    "turn": 587,
    "user": "[shopping] What do you think?"
  },
  {
    "turn": 588,
    "user": "[meeting] Can you help me draft?"
  },
  {
    "turn": 589,
    "user": "[travel] Summarize."
  },
  {
    "turn": 590,
    "user": "[travel] Help me decide."
  },
  {
    "turn": 591,
    "user": "[travel] Can you help me draft?"
  },
  {
    "turn": 592,
    "user": "[travel] Explain this."
  },
  {
    "turn": 593,
    "user": "[meeting] Help me decide."
  },
  {
    "turn": 594,
    "user": "[shopping] Summarize."
  },
  {
    "turn": 595,
    "user": "[meeting] What do you think?"
  },
  {
    "turn": 596,
    "user": "[health] Help me decide."
  },
  {
    "turn": 597,
    "user": "[health] Explain this."
  },
  {
    "turn": 598,
    "user": "[travel] Help me decide."
  },
  {
    "turn": 599,
    "user": "[meeting] Help me decide."
  },
  {
    "turn": 600,
    "user": "[health] Summarize."
  },
  {
    "turn": 601,
    "user": "[travel] What do you think?"
  },
  {
    "turn": 602,
    "user": "[coding] What do you think?"
  },
  {
    "turn": 603,
    "user": "[shopping] Summarize."
  },
  {
    "turn": 604,
    "user": "[invoice] Summarize."
  },
  {
    "turn": 605,
    "user": "[project update] Explain this."
  },
  {
    "turn": 606,
    "user": "[coding] Summarize."
  },
  {
    "turn": 607,
    "user": "[coding] Summarize."
  },
  {
    "turn": 608,
    "user": "[health] What do you think?"
  },
  {
    "turn": 609,
    "user": "[health] Can you help me draft?"
  },
  {
    "turn": 610,
    "user": "[invoice] Help me decide."
  },
  {
    "turn": 611,
    "user": "[shopping] Explain this."
  },
  {
    "turn": 612,
    "user": "[meeting] Can you help me draft?"
  },
  {
    "turn": 613,
    "user": "[meeting] Summarize."
  },
  {
    "turn": 614,
    "user": "[project update] Help me decide."
  },
  {
    "turn": 615,
    "user": "[health] Can you help me draft?"
  },
  {
    "turn": 616,
    "user": "[coding] What do you think?"
  },
  {
    "turn": 617,
    "user": "[health] What do you think?"
  },
  {
    "turn": 618,
    "user": "[project update] Summarize."
  },
  {
    "turn": 619,
    "user": "[meeting] Explain this."
  },
  {
    "turn": 620,
    "user": "[travel] Help me decide."
  },
  {
    "turn": 621,
    "user": "[coding] Summarize."
  },
  {
    "turn": 622,
    "user": "[coding] Can you help me draft?"
  },
  {
    "turn": 623,
    "user": "[meeting] Explain this."
  },
  {
    "turn": 624,
    "user": "[meeting] Help me decide."
  },
  {
    "turn": 625,
    "user": "[health] Explain this."
  },
  {
    "turn": 626,
    "user": "[coding] Summarize."
  },
  {
    "turn": 627,
    "user": "[meeting] Help me decide."
  },
  {
    "turn": 628,
    "user": "[project update] Help me decide."
  },
  {
    "turn": 629,
    "user": "[project update] What do you think?"
  },
  {
    "turn": 630,
    "user": "[coding] Explain this."
  },
  {
    "turn": 631,
    "user": "[invoice] Can you help me draft?"
  },
  {
    "turn": 632,
    "user": "[health] Can you help me draft?"
  },
  {
    "turn": 633,
    "user": "[meeting] Can you help me draft?"
  },
  {
    "turn": 634,
    "user": "[health] What do you think?"
  },
  {
    "turn": 635,
    "user": "[coding] Explain this."
  },
  {
    "turn": 636,
    "user": "[project update] Can you help me draft?"
  },
  {
    "turn": 637,
    "user": "[travel] Can you help me draft?"
  },
  {
    "turn": 638,
    "user": "[travel] Explain this."
  },
  {
    "turn": 639,
    "user": "[travel] Summarize."
  },
  {
    "turn": 640,
    "user": "[invoice] What do you think?"
  },
  {
    "turn": 641,
    "user": "[shopping] Summarize."
  },
  {
    "turn": 642,
    "user": "[shopping] What do you think?"
  },
  {
    "turn": 643,
    "user": "[invoice] What do you think?"
  },
  {
    "turn": 644,
    "user": "[project update] Help me decide."
  },
  {
    "turn": 645,
    "user": "[meeting] Summarize."
  },
  {
    "turn": 646,
    "user": "[shopping] What do you think?"
  },
  {
    "turn": 647,
    "user": "[health] Help me decide."
  },
  {
    "turn": 648,
    "user": "[invoice] What do you think?"
  },
  {
    "turn": 649,
    "user": "[health] Explain this."
  },
  {
    "turn": 650,
    "user": "[health] Explain this."
  },
  {
    "turn": 651,
    "user": "[coding] Can you help me draft?"
  },
  {
    "turn": 652,
    "user": "[meeting] Summarize."
  },
  {
    "turn": 653,
    "user": "[travel] Help me decide."
  },
  {
    "turn": 654,
    "user": "[invoice] Can you help me draft?"
  },
  {
    "turn": 655,
    "user": "[health] Explain this."
  },
  {
    "turn": 656,
    "user": "[shopping] Explain this."
  },
  {
    "turn": 657,
    "user": "[coding] Summarize."
  },
  {
    "turn": 658,
    "user": "[coding] Explain this."
  },
  {
    "turn": 659,
    "user": "[health] Explain this."
  },
  {
    "turn": 660,
    "user": "[invoice] Summarize."
  },
  {
    "turn": 661,
    "user": "[meeting] Summarize."
  },
  {
    "turn": 662,
    "user": "[project update] What do you think?"
  },
  {
    "turn": 663,
    "user": "[health] Help me decide."
  },
  {
    "turn": 664,
    "user": "[travel] Help me decide."
  },
  {
    "turn": 665,
    "user": "[travel] Explain this."
  },
  {
    "turn": 666,
    "user": "[project update] Summarize."
  },
  {
    "turn": 667,
    "user": "[travel] Can you help me draft?"
  },
  {
    "turn": 668,
    "user": "[shopping] Can you help me draft?"
  },
  {
    "turn": 669,
    "user": "[shopping] Summarize."
  },
  {
    "turn": 670,
    "user": "[meeting] Explain this."
  },
  {
    "turn": 671,
    "user": "[meeting] What do you think?"
  },
  {
    "turn": 672,
    "user": "[shopping] Explain this."
  },
  {
    "turn": 673,
    "user": "[invoice] What do you think?"
  },
  {
    "turn": 674,
    "user": "[shopping] Explain this."
  },
  {
    "turn": 675,
    "user": "[coding] What do you think?"
  },
  {
    "turn": 676,
    "user": "[coding] Can you help me draft?"
  },
  {
    "turn": 677,
    "user": "[coding] Can you help me draft?"
  },
  {
    "turn": 678,
    "user": "[travel] Summarize."
  },
  {
    "turn": 679,
    "user": "[project update] Help me decide."
  },
  {
    "turn": 680,
    "user": "[travel] What do you think?"
  },
  {
    "turn": 681,
    "user": "[project update] Explain this."
  },
  {
    "turn": 682,
    "user": "[travel] Summarize."
  },
  {
    "turn": 683,
    "user": "[invoice] What do you think?"
  },
  {
    "turn": 684,
    "user": "[invoice] Help me decide."
  },
  {
    "turn": 685,
    "user": "[travel] Help me decide."
  },
  {
    "turn": 686,
    "user": "[shopping] Explain this."
  },
  {
    "turn": 687,
    "user": "[meeting] What do you think?"
  },
  {
    "turn": 688,
    "user": "[travel] Summarize."
  },
  {
    "turn": 689,
    "user": "[meeting] Explain this."
  },
  {
    "turn": 690,
    "user": "[coding] Explain this."
  },
  {
    "turn": 691,
    "user": "[meeting] Can you help me draft?"
  },
  {
    "turn": 692,
    "user": "[health] Can you help me draft?"
  },
  {
    "turn": 693,
    "user": "[invoice] What do you think?"
  },
  {
    "turn": 694,
    "user": "[meeting] Summarize."
  },
  {
    "turn": 695,
    "user": "[meeting] Help me decide."
  },
  {
    "turn": 696,
    "user": "[travel] Can you help me draft?"
  },
  {
    "turn": 697,
    "user": "[meeting] Summarize."
  },
  {
    "turn": 698,
    "user": "[project update] Explain this."
  },
  {
    "turn": 699,
    "user": "[shopping] Can you help me draft?"
  },
  {
    "turn": 700,
    "user": "[health] Explain this."
  },
  {
    "turn": 701,
    "user": "[coding] Explain this."
  },
  {
    "turn": 702,
    "user": "[shopping] Summarize."
  },
  {
    "turn": 703,
    "user": "[meeting] Explain this."
  },
  {
    "turn": 704,
    "user": "[project update] What do you think?"
  },
  {
    "turn": 705,
    "user": "[health] Can you help me draft?"
  },
  {
    "turn": 706,
    "user": "[shopping] Help me decide."
  },
  {
    "turn": 707,
    "user": "[travel] Help me decide."
  },
  {
    "turn": 708,
    "user": "[invoice] Can you help me draft?"
  },
  {
    "turn": 709,
    "user": "[coding] Summarize."
  },
  {
    "turn": 710,
    "user": "[coding] Explain this."
  },
  {
    "turn": 711,
    "user": "[coding] Summarize."
  },
  {
    "turn": 712,
    "user": "[project update] What do you think?"
  },
  {
    "turn": 713,
    "user": "[project update] Can you help me draft?"
  },
  {
    "turn": 714,
    "user": "[travel] Summarize."
  },
  {
    "turn": 715,
    "user": "[project update] Can you help me draft?"
  },
  {
    "turn": 716,
    "user": "[invoice] Help me decide."
  },
  {
    "turn": 717,
    "user": "[invoice] Summarize."
  },
  {
    "turn": 718,
    "user": "[health] Explain this."
  },
  {
    "turn": 719,
    "user": "[coding] Help me decide."
  },
  {
    "turn": 720,
    "user": "[health] Help me decide."
  },
  {
    "turn": 721,
    "user": "[coding] What do you think?"
  },
  {
    "turn": 722,
    "user": "[health] Can you help me draft?"
  },
  {
    "turn": 723,
    "user": "[meeting] Summarize."
  },
  {
    "turn": 724,
    "user": "[shopping] Summarize."
  },
  {
    "turn": 725,
    "user": "[travel] Can you help me draft?"
  },
  {
    "turn": 726,
    "user": "[coding] Explain this."
  },
  {
    "turn": 727,
    "user": "[invoice] Summarize."
  },
  {
    "turn": 728,
    "user": "[health] What do you think?"
  },
  {
    "turn": 729,
    "user": "[meeting] Explain this."
  },
  {
    "turn": 730,
    "user": "[project update] Explain this."
  },
  {
    "turn": 731,
    "user": "[shopping] Explain this."
  },
  {
    "turn": 732,
    "user": "[project update] Summarize."
  },
  {
    "turn": 733,
    "user": "[travel] What do you think?"
  },
  {
    "turn": 734,
    "user": "[project update] Summarize."
  },
  {
    "turn": 735,
    "user": "[project update] What do you think?"
  },
  {
    "turn": 736,
    "user": "[coding] Help me decide."
  },
  {
    "turn": 737,
    "user": "[project update] Can you help me draft?"
  },
  {
    "turn": 738,
    "user": "[meeting] Explain this."
  },
  {
    "turn": 739,
    "user": "[invoice] What do you think?"
  },
  {
    "turn": 740,
    "user": "[meeting] Help me decide."
  },
  {
    "turn": 741,
    "user": "[invoice] Can you help me draft?"
  },
  {
    "turn": 742,
    "user": "[meeting] Help me decide."
  },
  {
    "turn": 743,
    "user": "[invoice] Help me decide."
  },
  {
    "turn": 744,
    "user": "[invoice] What do you think?"
  },
  {
    "turn": 745,
    "user": "[travel] What do you think?"
  },
  {
    "turn": 746,
    "user": "[meeting] Help me decide."
  },
  {
    "turn": 747,
    "user": "[project update] Explain this."
  },
  {
    "turn": 748,
    "user": "[meeting] What do you think?"
  },
  {
    "turn": 749,
    "user": "[invoice] Help me decide."
  },
  {
    "turn": 750,
    "user": "[travel] What do you think?"
  },
  {
    "turn": 751,
    "user": "[project update] Can you help me draft?"
  },
  {
    "turn": 752,
    "user": "[invoice] Can you help me draft?"
  },
  {
    "turn": 753,
    "user": "[travel] What do you think?"
  },
  {
    "turn": 754,
    "user": "[shopping] Explain this."
  },
  {
    "turn": 755,
    "user": "[project update] What do you think?"
  },
  {
    "turn": 756,
    "user": "[travel] Can you help me draft?"
  },
  {
    "turn": 757,
    "user": "[invoice] Summarize."
  },
  {
    "turn": 758,
    "user": "[shopping] Can you help me draft?"
  },
  {
    "turn": 759,
    "user": "[coding] Can you help me draft?"
  },
  {
    "turn": 760,
    "user": "[health] Summarize."
  },
  {
    "turn": 761,
    "user": "[meeting] Explain this."
  },
  {
    "turn": 762,
    "user": "[shopping] Help me decide."
  },
  {
    "turn": 763,
    "user": "[project update] Summarize."
  },
  {
    "turn": 764,
    "user": "[shopping] What do you think?"
  },
  {
    "turn": 765,
    "user": "[shopping] Can you help me draft?"
  },
  {
    "turn": 766,
    "user": "[coding] Help me decide."
  },
  {
    "turn": 767,
    "user": "[travel] Summarize."
  },
  {
    "turn": 768,
    "user": "[coding] Can you help me draft?"
  },
  {
    "turn": 769,
    "user": "[project update] Summarize."
  },
  {
    "turn": 770,
    "user": "[meeting] Summarize."
  },
  {
    "turn": 771,
    "user": "[health] Can you help me draft?"
  },
  {
    "turn": 772,
    "user": "[health] Summarize."
  },
  {
    "turn": 773,
    "user": "[project update] Can you help me draft?"
  },
  {
    "turn": 774,
    "user": "[travel] Help me decide."
  },
  {
    "turn": 775,
    "user": "[invoice] Can you help me draft?"
  },
  {
    "turn": 776,
    "user": "[invoice] Explain this."
  },
  {
    "turn": 777,
    "user": "[shopping] Help me decide."
  },
  {
    "turn": 778,
    "user": "[shopping] Explain this."
  },
  {
    "turn": 779,
    "user": "[health] Help me decide."
  },
  {
    "turn": 780,
    "user": "[shopping] Explain this."
  },
  {
    "turn": 781,
    "user": "[health] Help me decide."
  },
  {
    "turn": 782,
    "user": "[shopping] Summarize."
  },
  {
    "turn": 783,
    "user": "[project update] Can you help me draft?"
  },
  {
    "turn": 784,
    "user": "[meeting] Help me decide."
  },
  {
    "turn": 785,
    "user": "[coding] What do you think?"
  },
  {
    "turn": 786,
    "user": "[health] Summarize."
  },
  {
    "turn": 787,
    "user": "[invoice] Summarize."
  },
  {
    "turn": 788,
    "user": "[travel] Summarize."
  },
  {
    "turn": 789,
    "user": "[health] Summarize."
  },
  {
    "turn": 790,
    "user": "[coding] Can you help me draft?"
  },
  {
    "turn": 791,
    "user": "[travel] Summarize."
  },
  {
    "turn": 792,
    "user": "[travel] Explain this."
  },
  {
    "turn": 793,
    "user": "[travel] What do you think?"
  },
  {
    "turn": 794,
    "user": "[coding] Summarize."
  },
  {
    "turn": 795,
    "user": "[project update] Can you help me draft?"
  },
  {
    "turn": 796,
    "user": "[meeting] Can you help me draft?"
  },
  {
    "turn": 797,
    "user": "[project update] Summarize."
  },
  {
    "turn": 798,
    "user": "[project update] Explain this."
  },
  {
    "turn": 799,
    "user": "[meeting] What do you think?"
  },
  {
    "turn": 800,
    "user": "[shopping] Can you help me draft?"
  },
  {
    "turn": 801,
    "user": "[shopping] Help me decide."
  },
  {
    "turn": 802,
    "user": "[shopping] Explain this."
  },
  {
    "turn": 803,
    "user": "[coding] Can you help me draft?"
  },
  {
    "turn": 804,
    "user": "[health] Explain this."
  },
  {
    "turn": 805,
    "user": "[meeting] Summarize."
  },
  {
    "turn": 806,
    "user": "[meeting] Can you help me draft?"
  },
  {
    "turn": 807,
    "user": "[travel] Help me decide."
  },
  {
    "turn": 808,
    "user": "[travel] Explain this."
  },
  {
    "turn": 809,
    "user": "[project update] Help me decide."
  },
  {
    "turn": 810,
    "user": "[shopping] What do you think?"
  },
  {
    "turn": 811,
    "user": "[invoice] Summarize."
  },
  {
    "turn": 812,
    "user": "[invoice] Can you help me draft?"
  },
  {
    "turn": 813,
    "user": "[travel] Help me decide."
  },
  {
    "turn": 814,
    "user": "[travel] Can you help me draft?"
  },
  {
    "turn": 815,
    "user": "[meeting] Explain this."
  },
  {
    "turn": 816,
    "user": "[shopping] What do you think?"
  },
  {
    "turn": 817,
    "user": "[meeting] Summarize."
  },
  {
    "turn": 818,
    "user": "[meeting] Help me decide."
  },
  {
    "turn": 819,
    "user": "[meeting] Help me decide."
  },
  {
    "turn": 820,
    "user": "[shopping] Help me decide."
  },
  {
    "turn": 821,
    "user": "[project update] Help me decide."
  },
  {
    "turn": 822,
    "user": "[coding] Explain this."
  },
  {
    "turn": 823,
    "user": "[project update] What do you think?"
  },
  {
    "turn": 824,
    "user": "[travel] Explain this."
  },
  {
    "turn": 825,
    "user": "[travel] Explain this."
  },
  {
    "turn": 826,
    "user": "[project update] What do you think?"
  },
  {
    "turn": 827,
    "user": "[meeting] What do you think?"
  },
  {
    "turn": 828,
    "user": "[shopping] Summarize."
  },
  {
    "turn": 829,
    "user": "[project update] What do you think?"
  },
  {
    "turn": 830,
    "user": "[coding] Can you help me draft?"
  },
  {
    "turn": 831,
    "user": "[project update] Help me decide."
  },
  {
    "turn": 832,
    "user": "[invoice] Summarize."
  },
  {
    "turn": 833,
    "user": "[health] Summarize."
  },
  {
    "turn": 834,
    "user": "[travel] What do you think?"
  },
  {
    "turn": 835,
    "user": "[travel] Explain this."
  },
  {
    "turn": 836,
    "user": "[coding] Explain this."
  },
  {
    "turn": 837,
    "user": "[meeting] Help me decide."
  },
  {
    "turn": 838,
    "user": "[shopping] Can you help me draft?"
  },
  {
    "turn": 839,
    "user": "[project update] What do you think?"
  },
  {
    "turn": 840,
    "user": "[invoice] Help me decide."
  },
  {
    "turn": 841,
    "user": "[project update] Can you help me draft?"
  },
  {
    "turn": 842,
    "user": "[travel] Summarize."
  },
  {
    "turn": 843,
    "user": "[coding] Summarize."
  },
  {
    "turn": 844,
    "user": "[health] Help me decide."
  },
  {
    "turn": 845,
    "user": "[health] Summarize."
  },
  {
    "turn": 846,
    "user": "[travel] What do you think?"
  },
  {
    "turn": 847,
    "user": "[meeting] Help me decide."
  },
  {
    "turn": 848,
    "user": "[project update] Explain this."
  },
  {
    "turn": 849,
    "user": "[health] Can you help me draft?"
  },
  {
    "turn": 850,
    "user": "[travel] Help me decide."
  },
  {
    "turn": 851,
    "user": "[health] Help me decide."
  },
  {
    "turn": 852,
    "user": "[coding] Explain this."
  },
  {
    "turn": 853,
    "user": "[project update] What do you think?"
  },
  {
    "turn": 854,
    "user": "[health] Help me decide."
  },
  {
    "turn": 855,
    "user": "[project update] Can you help me draft?"
  },
  {
    "turn": 856,
    "user": "[invoice] Explain this."
  },
  {
    "turn": 857,
    "user": "[invoice] What do you think?"
  },
  {
    "turn": 858,
    "user": "[meeting] Explain this."
  },
  {
    "turn": 859,
    "user": "[travel] Explain this."
  },
  {
    "turn": 860,
    "user": "[project update] Can you help me draft?"
  },
  {
    "turn": 861,
    "user": "[health] Summarize."
  },
  {
    "turn": 862,
    "user": "[invoice] What do you think?"
  },
  {
    "turn": 863,
    "user": "[health] Help me decide."
  },
  {
    "turn": 864,
    "user": "[coding] What do you think?"
  },
  {
    "turn": 865,
    "user": "[shopping] Help me decide."
  },
  {
    "turn": 866,
    "user": "[meeting] Explain this."
  },
  {
    "turn": 867,
    "user": "[project update] Summarize."
  },
  {
    "turn": 868,
    "user": "[meeting] Can you help me draft?"
  },
  {
    "turn": 869,
    "user": "[health] Can you help me draft?"
  },
  {
    "turn": 870,
    "user": "[health] Can you help me draft?"
  },
  {
    "turn": 871,
    "user": "[meeting] Explain this."
  },
  {
    "turn": 872,
    "user": "[shopping] Summarize."
  },
  {
    "turn": 873,
    "user": "[shopping] Summarize."
  },
  {
    "turn": 874,
    "user": "[coding] Summarize."
  },
  {
    "turn": 875,
    "user": "[travel] Can you help me draft?"
  },
  {
    "turn": 876,
    "user": "[health] Can you help me draft?"
  },
  {
    "turn": 877,
    "user": "[travel] What do you think?"
  },
  {
    "turn": 878,
    "user": "[meeting] Help me decide."
  },
  {
    "turn": 879,
    "user": "[health] Explain this."
  },
  {
    "turn": 880,
    "user": "[project update] Summarize."
  },
  {
    "turn": 881,
    "user": "[meeting] Can you help me draft?"
  },
  {
    "turn": 882,
    "user": "[invoice] Summarize."
  },
  {
    "turn": 883,
    "user": "[shopping] Summarize."
  },
  {
    "turn": 884,
    "user": "[shopping] Can you help me draft?"
  },
  {
    "turn": 885,
    "user": "[health] Explain this."
  },
  {
    "turn": 886,
    "user": "[coding] Explain this."
  },
  {
    "turn": 887,
    "user": "[invoice] Explain this."
  },
  {
    "turn": 888,
    "user": "[meeting] What do you think?"
  },
  {
    "turn": 889,
    "user": "[project update] Help me decide."
  },
  {
    "turn": 890,
    "user": "[coding] Can you help me draft?"
  },
  {
    "turn": 891,
    "user": "[shopping] Help me decide."
  },
  {
    "turn": 892,
    "user": "[invoice] Explain this."
  },
  {
    "turn": 893,
    "user": "[travel] What do you think?"
  },
  {
    "turn": 894,
    "user": "[invoice] Can you help me draft?"
  },
  {
    "turn": 895,
    "user": "[invoice] Explain this."
  },
  {
    "turn": 896,
    "user": "[invoice] What do you think?"
  },
  {
    "turn": 897,
    "user": "[shopping] What do you think?"
  },
  {
    "turn": 898,
    "user": "[meeting] Can you help me draft?"
  },
  {
    "turn": 899,
    "user": "[invoice] Summarize."
  },
  {
    "turn": 900,
    "user": "[health] Help me decide."
  },
  {
    "turn": 901,
    "user": "[meeting] Help me decide."
  },
  {
    "turn": 902,
    "user": "[health] Help me decide."
  },
  {
    "turn": 903,
    "user": "[coding] Help me decide."
  },
  {
    "turn": 904,
    "user": "[travel] Explain this."
  },
  {
    "turn": 905,
    "user": "[invoice] Summarize."
  },
  {
    "turn": 906,
    "user": "[project update] Summarize."
  },
  {
    "turn": 907,
    "user": "[health] Explain this."
  },
  {
    "turn": 908,
    "user": "[meeting] Explain this."
  },
  {
    "turn": 909,
    "user": "[shopping] Can you help me draft?"
  },
  {
    "turn": 910,
    "user": "[travel] Help me decide."
  },
  {
    "turn": 911,
    "user": "[project update] Explain this."
  },
  {
    "turn": 912,
    "user": "[health] Summarize."
  },
  {
    "turn": 913,
    "user": "[project update] Can you help me draft?"
  },
  {
    "turn": 914,
    "user": "[travel] Explain this."
  },
  {
    "turn": 915,
    "user": "[project update] Can you help me draft?"
  },
  {
    "turn": 916,
    "user": "[shopping] Help me decide."
  },
  {
    "turn": 917,
    "user": "[shopping] Summarize."
  },
  {
    "turn": 918,
    "user": "[health] Help me decide."
  },
  {
    "turn": 919,
    "user": "[shopping] Can you help me draft?"
  },
  {
    "turn": 920,
    "user": "[health] Help me decide."
  },
  {
    "turn": 921,
    "user": "[coding] What do you think?"
  },
  {
    "turn": 922,
    "user": "[travel] Help me decide."
  },
  {
    "turn": 923,
    "user": "[health] Help me decide."
  },
  {
    "turn": 924,
    "user": "[invoice] Can you help me draft?"
  },
  {
    "turn": 925,
    "user": "[health] Can you help me draft?"
  },
  {
    "turn": 926,
    "user": "[meeting] Explain this."
  },
  {
    "turn": 927,
    "user": "[coding] Can you help me draft?"
  },
  {
    "turn": 928,
    "user": "[shopping] What do you think?"
  },
  {
    "turn": 929,
    "user": "[project update] What do you think?"
  },
  {
    "turn": 930,
    "user": "[coding] Summarize."
  },
  {
    "turn": 931,
    "user": "[health] Help me decide."
  },
  {
    "turn": 932,
    "user": "[shopping] Help me decide."
  },
  {
    "turn": 933,
    "user": "[invoice] Explain this."
  },
  {
    "turn": 934,
    "user": "[travel] Explain this."
  },
  {
    "turn": 935,
    "user": "[health] Summarize."
  },
  {
    "turn": 936,
    "user": "[meeting] Explain this."
  },
  {
    "turn": 937,
    "user": "Can you call me tomorrow?"
  },
  {
    "turn": 938,
    "user": "[coding] Help me decide."
  },
  {
    "turn": 939,
    "user": "[project update] Explain this."
  },
  {
    "turn": 940,
    "user": "[project update] Explain this."
  },
  {
    "turn": 941,
    "user": "[project update] Help me decide."
  },
  {
    "turn": 942,
    "user": "[coding] Summarize."
  },
  {
    "turn": 943,
    "user": "[travel] Explain this."
  },
  {
    "turn": 944,
    "user": "[coding] Help me decide."
  },
  {
    "turn": 945,
    "user": "[meeting] What do you think?"
  },
  {
    "turn": 946,
    "user": "[travel] Can you help me draft?"
  },
  {
    "turn": 947,
    "user": "[shopping] What do you think?"
  },
  {
    "turn": 948,
    "user": "[travel] Explain this."
  },
  {
    "turn": 949,
    "user": "[coding] Summarize."
  },
  {
    "turn": 950,
    "user": "[invoice] Help me decide."
  },
  {
    "turn": 951,
    "user": "[coding] Can you help me draft?"
  },
  {
    "turn": 952,
    "user": "[travel] Help me decide."
  },
  {
    "turn": 953,
    "user": "[health] Explain this."
  },
  {
    "turn": 954,
    "user": "[meeting] What do you think?"
  },
  {
    "turn": 955,
    "user": "[coding] Help me decide."
  },
  {
    "turn": 956,
    "user": "[project update] Summarize."
  },
  {
    "turn": 957,
    "user": "[shopping] Explain this."
  },
  {
    "turn": 958,
    "user": "[project update] Explain this."
  },
  {
    "turn": 959,
    "user": "[travel] What do you think?"
  },
  {
    "turn": 960,
    "user": "[invoice] Explain this."
  },
  {
    "turn": 961,
    "user": "[meeting] Summarize."
  },
  {
    "turn": 962,
    "user": "[invoice] What do you think?"
  },
  {
    "turn": 963,
    "user": "[invoice] What do you think?"
  },
  {
    "turn": 964,
    "user": "[project update] Explain this."
  },
  {
    "turn": 965,
    "user": "[meeting] Can you help me draft?"
  },
  {
    "turn": 966,
    "user": "[shopping] Help me decide."
  },
  {
    "turn": 967,
    "user": "[meeting] Help me decide."
  },
  {
    "turn": 968,
    "user": "[project update] Explain this."
  },
  {
    "turn": 969,
    "user": "[meeting] Help me decide."
  },
  {
    "turn": 970,
    "user": "[invoice] Help me decide."
  },
  {
    "turn": 971,
    "user": "[health] What do you think?"
  },
  {
    "turn": 972,
    "user": "[invoice] What do you think?"
  },
  {
    "turn": 973,
    "user": "[meeting] Help me decide."
  },
  {
    "turn": 974,
    "user": "[meeting] What do you think?"
  },
  {
    "turn": 975,
    "user": "[coding] Summarize."
  },
  {
    "turn": 976,
    "user": "[project update] Summarize."
  },
  {
    "turn": 977,
    "user": "[travel] What do you think?"
  },
  {
    "turn": 978,
    "user": "[health] Help me decide."
  },
  {
    "turn": 979,
    "user": "[travel] Summarize."
  },
  {
    "turn": 980,
    "user": "[invoice] Help me decide."
  },
  {
    "turn": 981,
    "user": "[invoice] Explain this."
  },
  {
    "turn": 982,
    "user": "[meeting] Summarize."
  },
  {
    "turn": 983,
    "user": "[meeting] What do you think?"
  },
  {
    "turn": 984,
    "user": "[travel] Help me decide."
  },
  {
    "turn": 985,
    "user": "[health] Summarize."
  },
  {
    "turn": 986,
    "user": "[meeting] Explain this."
  },
  {
    "turn": 987,
    "user": "[meeting] Summarize."
  },
  {
    "turn": 988,
    "user": "[shopping] Help me decide."
  },
  {
    "turn": 989,
    "user": "[health] What do you think?"
  },
  {
    "turn": 990,
    "user": "[meeting] What do you think?"
  },
  {
    "turn": 991,
    "user": "[meeting] Help me decide."
  },
  {
    "turn": 992,
    "user": "[invoice] Explain this."
  },
  {
    "turn": 993,
    "user": "[project update] Summarize."
  },
  {
    "turn": 994,
    "user": "[meeting] Explain this."
  },
  {
    "turn": 995,
    "user": "[shopping] Can you help me draft?"
  },
  {
    "turn": 996,
    "user": "[coding] Help me decide."
  },
  {
    "turn": 997,
    "user": "[meeting] Can you help me draft?"
  },
  {
    "turn": 998,
    "user": "[travel] Can you help me draft?"
  },
  {
    "turn": 999,
    "user": "[meeting] What do you think?"
  },
  {
    "turn": 1000,
    "user": "Before we schedule anything, remind me of my constraints."
  },
  {
    "turn": 1001,
    "user": "[travel] Summarize."
  },
  {
    "turn": 1002,
    "user": "[shopping] What do you think?"
  },
  {
    "turn": 1003,
    "user": "[meeting] Summarize."
  },
  {
    "turn": 1004,
    "user": "[project update] What do you think?"
  },
  {
    "turn": 1005,
    "user": "[meeting] Summarize."
  },
  {
    "turn": 1006,
    "user": "[travel] Can you help me draft?"
  },
  {
    "turn": 1007,
    "user": "[health] Can you help me draft?"
  },
  {
    "turn": 1008,
    "user": "[health] Help me decide."
  },
  {
    "turn": 1009,
    "user": "[travel] What do you think?"
  },
  {
    "turn": 1010,
    "user": "[health] Can you help me draft?"
  },
  {
    "turn": 1011,
    "user": "[travel] What do you think?"
  },
  {
    "turn": 1012,
    "user": "[project update] Explain this."
  },
  {
    "turn": 1013,
    "user": "[project update] Explain this."
  },
  {
    "turn": 1014,
    "user": "[meeting] What do you think?"
  },
  {
    "turn": 1015,
    "user": "[invoice] Can you help me draft?"
  },
  {
    "turn": 1016,
    "user": "[travel] Summarize."
  },
  {
    "turn": 1017,
    "user": "[coding] What do you think?"
  },
  {
    "turn": 1018,
    "user": "[meeting] Summarize."
  },
  {
    "turn": 1019,
    "user": "[health] Help me decide."
  },
  {
    "turn": 1020,
    "user": "[project update] Can you help me draft?"
  },
  {
    "turn": 1021,
    "user": "[project update] Explain this."
  },
  {
    "turn": 1022,
    "user": "[invoice] What do you think?"
  },
  {
    "turn": 1023,
    "user": "[shopping] Help me decide."
  },
  {
    "turn": 1024,
    "user": "[shopping] Summarize."
  },
  {
    "turn": 1025,
    "user": "[project update] Explain this."
  },
  {
    "turn": 1026,
    "user": "[invoice] Explain this."
  },
  {
    "turn": 1027,
    "user": "[project update] Can you help me draft?"
  },
  {
    "turn": 1028,
    "user": "[invoice] Summarize."
  },
  {
    "turn": 1029,
    "user": "[coding] Help me decide."
  },
  {
    "turn": 1030,
    "user": "[health] Can you help me draft?"
  },
  {
    "turn": 1031,
    "user": "[project update] Summarize."
  },
  {
    "turn": 1032,
    "user": "[shopping] Help me decide."
  },
  {
    "turn": 1033,
    "user": "[project update] Help me decide."
  },
  {
    "turn": 1034,
    "user": "[shopping] What do you think?"
  },
  {
    "turn": 1035,
    "user": "[coding] What do you think?"
  },
  {
    "turn": 1036,
    "user": "[travel] Summarize."
  },
  {
    "turn": 1037,
    "user": "[project update] Help me decide."
  },
  {
    "turn": 1038,
    "user": "[travel] What do you think?"
  },
  {
    "turn": 1039,
    "user": "[shopping] Summarize."
  },
  {
    "turn": 1040,
    "user": "[invoice] Can you help me draft?"
  },
  {
    "turn": 1041,
    "user": "[shopping] Explain this."
  },
  {
    "turn": 1042,
    "user": "[project update] Help me decide."
  },
  {
    "turn": 1043,
    "user": "[shopping] Help me decide."
  },
  {
    "turn": 1044,
    "user": "[meeting] Help me decide."
  },
  {
    "turn": 1045,
    "user": "[shopping] Can you help me draft?"
  },
  {
    "turn": 1046,
    "user": "[health] Summarize."
  },
  {
    "turn": 1047,
    "user": "[project update] Summarize."
  },
  {
    "turn": 1048,
    "user": "[travel] Explain this."
  },
  {
    "turn": 1049,
    "user": "[coding] Can you help me draft?"
  },
  {
    "turn": 1050,
    "user": "[travel] Can you help me draft?"
  },
  {
    "turn": 1051,
    "user": "[travel] What do you think?"
  },
  {
    "turn": 1052,
    "user": "[coding] Can you help me draft?"
  },
  {
    "turn": 1053,
    "user": "[meeting] Help me decide."
  },
  {
    "turn": 1054,
    "user": "[coding] Explain this."
  },
  {
    "turn": 1055,
    "user": "[invoice] Can you help me draft?"
  },
  {
    "turn": 1056,
    "user": "[travel] Help me decide."
  },
  {
    "turn": 1057,
    "user": "[travel] What do you think?"
  },
  {
    "turn": 1058,
    "user": "[meeting] Summarize."
  },
  {
    "turn": 1059,
    "user": "[coding] Summarize."
  },
  {
    "turn": 1060,
    "user": "[coding] What do you think?"
  },
  {
    "turn": 1061,
    "user": "[meeting] What do you think?"
  },
  {
    "turn": 1062,
    "user": "[project update] Summarize."
  },
  {
    "turn": 1063,
    "user": "[project update] Explain this."
  },
  {
    "turn": 1064,
    "user": "[invoice] Can you help me draft?"
  },
  {
    "turn": 1065,
    "user": "[meeting] What do you think?"
  },
  {
    "turn": 1066,
    "user": "[project update] Explain this."
  },
  {
    "turn": 1067,
    "user": "[travel] Help me decide."
  },
  {
    "turn": 1068,
    "user": "[health] Help me decide."
  },
  {
    "turn": 1069,
    "user": "[health] Explain this."
  },
  {
    "turn": 1070,
    "user": "[project update] What do you think?"
  },
  {
    "turn": 1071,
    "user": "[travel] Explain this."
  },
  {
    "turn": 1072,
    "user": "[meeting] Can you help me draft?"
  },
  {
    "turn": 1073,
    "user": "[meeting] Explain this."
  },
  {
    "turn": 1074,
    "user": "[travel] Can you help me draft?"
  },
  {
    "turn": 1075,
    "user": "[meeting] Explain this."
  },
  {
    "turn": 1076,
    "user": "[health] Summarize."
  },
  {
    "turn": 1077,
    "user": "[coding] Summarize."
  },
  {
    "turn": 1078,
    "user": "[health] Explain this."
  },
  {
    "turn": 1079,
    "user": "[invoice] Summarize."
  },
  {
    "turn": 1080,
    "user": "[coding] Summarize."
  },
  {
    "turn": 1081,
    "user": "[travel] Help me decide."
  },
  {
    "turn": 1082,
    "user": "[travel] Can you help me draft?"
  },
  {
    "turn": 1083,
    "user": "[coding] Summarize."
  },
  {
    "turn": 1084,
    "user": "[project update] Summarize."
  },
  {
    "turn": 1085,
    "user": "[shopping] What do you think?"
  },
  {
    "turn": 1086,
    "user": "[shopping] Explain this."
  },
  {
    "turn": 1087,
    "user": "[travel] Can you help me draft?"
  },
  {
    "turn": 1088,
    "user": "[project update] Explain this."
  },
  {
    "turn": 1089,
    "user": "[coding] Explain this."
  },
  {
    "turn": 1090,
    "user": "[travel] Summarize."
  },
  {
    "turn": 1091,
    "user": "[shopping] Summarize."
  },
  {
    "turn": 1092,
    "user": "[invoice] Summarize."
  },
  {
    "turn": 1093,
    "user": "[travel] Summarize."
  },
  {
    "turn": 1094,
    "user": "[project update] Explain this."
  },
  {
    "turn": 1095,
    "user": "[shopping] Summarize."
  },
  {
    "turn": 1096,
    "user": "[travel] Can you help me draft?"
  },
  {
    "turn": 1097,
    "user": "[project update] Summarize."
  },
  {
    "turn": 1098,
    "user": "[travel] Help me decide."
  },
  {
    "turn": 1099,
    "user": "[meeting] What do you think?"
  },
  {
    "turn": 1100,
    "user": "[project update] What do you think?"
  },
  {
    "turn": 1101,
    "user": "[meeting] Help me decide."
  },
  {
    "turn": 1102,
    "user": "[coding] Summarize."
  },
  {
    "turn": 1103,
    "user": "[project update] What do you think?"
  },
  {
    "turn": 1104,
    "user": "[project update] What do you think?"
  },
  {
    "turn": 1105,
    "user": "[meeting] Explain this."
  },
  {
    "turn": 1106,
    "user": "[travel] Summarize."
  },
  {
    "turn": 1107,
    "user": "[shopping] Can you help me draft?"
  },
  {
    "turn": 1108,
    "user": "[shopping] What do you think?"
  },
  {
    "turn": 1109,
    "user": "[coding] Summarize."
  },
  {
    "turn": 1110,
    "user": "[travel] Explain this."
  },
  {
    "turn": 1111,
    "user": "[health] Can you help me draft?"
  },
  {
    "turn": 1112,
    "user": "[shopping] What do you think?"
  },
  {
    "turn": 1113,
    "user": "[shopping] Explain this."
  },
  {
    "turn": 1114,
    "user": "[health] Explain this."
  },
  {
    "turn": 1115,
    "user": "[coding] Explain this."
  },
  {
    "turn": 1116,
    "user": "[invoice] Can you help me draft?"
  },
  {
    "turn": 1117,
    "user": "[project update] What do you think?"
  },
  {
    "turn": 1118,
    "user": "[health] Help me decide."
  },
  {
    "turn": 1119,
    "user": "[health] Help me decide."
  },
  {
    "turn": 1120,
    "user": "[project update] Explain this."
  },
  {
    "turn": 1121,
    "user": "[meeting] Explain this."
  },
  {
    "turn": 1122,
    "user": "[coding] Summarize."
  },
  {
    "turn": 1123,
    "user": "[invoice] Help me decide."
  },
  {
    "turn": 1124,
    "user": "[travel] Summarize."
  },
  {
    "turn": 1125,
    "user": "[invoice] Can you help me draft?"
  },
  {
    "turn": 1126,
    "user": "[invoice] Can you help me draft?"
  },
  {
    "turn": 1127,
    "user": "[health] What do you think?"
  },
  {
    "turn": 1128,
    "user": "[coding] Summarize."
  },
  {
    "turn": 1129,
    "user": "[project update] Explain this."
  },
  {
    "turn": 1130,
    "user": "[coding] Explain this."
  },
  {
    "turn": 1131,
    "user": "[coding] Can you help me draft?"
  },
  {
    "turn": 1132,
    "user": "[shopping] Help me decide."
  },
  {
    "turn": 1133,
    "user": "[travel] Explain this."
  },
  {
    "turn": 1134,
    "user": "[meeting] What do you think?"
  },
  {
    "turn": 1135,
    "user": "[coding] What do you think?"
  },
  {
    "turn": 1136,
    "user": "[meeting] Explain this."
  },
  {
    "turn": 1137,
    "user": "[shopping] What do you think?"
  },
  {
    "turn": 1138,
    "user": "[project update] What do you think?"
  },
  {
    "turn": 1139,
    "user": "[meeting] What do you think?"
  },
  {
    "turn": 1140,
    "user": "[invoice] Summarize."
  },
  {
    "turn": 1141,
    "user": "[project update] Explain this."
  },
  {
    "turn": 1142,
    "user": "[shopping] Help me decide."
  },
  {
    "turn": 1143,
    "user": "[travel] Summarize."
  },
  {
    "turn": 1144,
    "user": "[meeting] Help me decide."
  },
  {
    "turn": 1145,
    "user": "[invoice] Help me decide."
  },
  {
    "turn": 1146,
    "user": "[project update] Can you help me draft?"
  },
  {
    "turn": 1147,
    "user": "[travel] Summarize."
  },
  {
    "turn": 1148,
    "user": "[coding] Summarize."
  },
  {
    "turn": 1149,
    "user": "[shopping] Summarize."
  },
  {
    "turn": 1150,
    "user": "[meeting] Summarize."
  },
  {
    "turn": 1151,
    "user": "[meeting] Help me decide."
  },
  {
    "turn": 1152,
    "user": "[project update] What do you think?"
  },
  {
    "turn": 1153,
    "user": "[travel] Can you help me draft?"
  },
  {
    "turn": 1154,
    "user": "[health] Summarize."
  },
  {
    "turn": 1155,
    "user": "[coding] Help me decide."
  },
  {
    "turn": 1156,
    "user": "[travel] What do you think?"
  },
  {
    "turn": 1157,
    "user": "[meeting] Help me decide."
  },
  {
    "turn": 1158,
    "user": "[coding] Help me decide."
  },
  {
    "turn": 1159,
    "user": "[invoice] What do you think?"
  },
  {
    "turn": 1160,
    "user": "[health] Help me decide."
  },
  {
    "turn": 1161,
    "user": "[meeting] Can you help me draft?"
  },
  {
    "turn": 1162,
    "user": "[meeting] Can you help me draft?"
  },
  {
    "turn": 1163,
    "user": "[shopping] What do you think?"
  },
  {
    "turn": 1164,
    "user": "[travel] What do you think?"
  },
  {
    "turn": 1165,
    "user": "[invoice] Explain this."
  },
  {
    "turn": 1166,
    "user": "[coding] What do you think?"
  },
  {
    "turn": 1167,
    "user": "[travel] Help me decide."
  },
  {
    "turn": 1168,
    "user": "[travel] Can you help me draft?"
  },
  {
    "turn": 1169,
    "user": "[travel] What do you think?"
  },
  {
    "turn": 1170,
    "user": "[coding] Help me decide."
  },
  {
    "turn": 1171,
    "user": "[travel] What do you think?"
  },
  {
    "turn": 1172,
    "user": "[coding] Explain this."
  },
  {
    "turn": 1173,
    "user": "[shopping] Help me decide."
  },
  {
    "turn": 1174,
    "user": "[project update] Help me decide."
  },
  {
    "turn": 1175,
    "user": "[coding] What do you think?"
  },
  {
    "turn": 1176,
    "user": "[shopping] Help me decide."
  },
  {
    "turn": 1177,
    "user": "[invoice] What do you think?"
  },
  {
    "turn": 1178,
    "user": "[coding] Help me decide."
  },
  {
    "turn": 1179,
    "user": "[coding] Help me decide."
  },
  {
    "turn": 1180,
    "user": "[travel] Help me decide."
  },
  {
    "turn": 1181,
    "user": "[project update] Can you help me draft?"
  },
  {
    "turn": 1182,
    "user": "[project update] Can you help me draft?"
  },
  {
    "turn": 1183,
    "user": "[coding] Help me decide."
  },
  {
    "turn": 1184,
    "user": "[travel] What do you think?"
  },
  {
    "turn": 1185,
    "user": "[meeting] Help me decide."
  },
  {
    "turn": 1186,
    "user": "[health] Help me decide."
  },
  {
    "turn": 1187,
    "user": "[coding] Can you help me draft?"
  },
  {
    "turn": 1188,
    "user": "[health] Help me decide."
  },
  {
    "turn": 1189,
    "user": "[travel] Explain this."
  },
  {
    "turn": 1190,
    "user": "[health] What do you think?"
  },
  {
    "turn": 1191,
    "user": "[meeting] Summarize."
  },
  {
    "turn": 1192,
    "user": "[travel] Summarize."
  },
  {
    "turn": 1193,
    "user": "[project update] Can you help me draft?"
  },
  {
    "turn": 1194,
    "user": "[invoice] Summarize."
  },
  {
    "turn": 1195,
    "user": "[health] Summarize."
  },
  {
    "turn": 1196,
    "user": "[health] What do you think?"
  },
  {
    "turn": 1197,
    "user": "[travel] Help me decide."
  },
  {
    "turn": 1198,
    "user": "[invoice] Explain this."
  },
  {
    "turn": 1199,
    "user": "[meeting] Explain this."
  },
  {
    "turn": 1200,
    "user": "[coding] Explain this."
  }
]